{"access_token": "ya29.A0ARrdaM_UVQjwsH_FnourAhmtCt6igurVExOpt15ILRzFZ4VVXzoKFpZdPkDREVSRJKQdGnmygM2af8FLuBBPbUl1lYRt8yNZRZgV1Bichg1qdtwdQ3etUNOh7LsOWxz_-k2VpsVfvfloCAN6uZwVDqzwsy3Jvg", "client_id": "111324142984-83f09c5b9u69kr73fe861nnt7uknlj8e.apps.googleusercontent.com", "client_secret": "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", "refresh_token": "1//058fHZfsBdE10CgYIARAAGAUSNwF-L9IriQTZkJ7vst-JPK5DRi5_Gp0oJwZx5Ipda4GW5DOXg5SY-wZY_Upp2kkGw43KC0TWh9U", "token_expiry": "2022-05-10T04:55:12Z", "token_uri": "https://oauth2.googleapis.com/token", "user_agent": "Drive API Python Quickstart", "revoke_uri": "https://oauth2.googleapis.com/revoke", "id_token": null, "id_token_jwt": null, "token_response": {"access_token": "ya29.A0ARrdaM_UVQjwsH_FnourAhmtCt6igurVExOpt15ILRzFZ4VVXzoKFpZdPkDREVSRJKQdGnmygM2af8FLuBBPbUl1lYRt8yNZRZgV1Bichg1qdtwdQ3etUNOh7LsOWxz_-k2VpsVfvfloCAN6uZwVDqzwsy3Jvg", "expires_in": 3599, "scope": "https://www.googleapis.com/auth/drive", "token_type": "Bearer"}, "scopes": ["https://www.googleapis.com/auth/drive"], "token_info_uri": "https://oauth2.googleapis.com/tokeninfo", "invalid": true, "_class": "OAuth2Credentials", "_module": "oauth2client.client"}